{"cameraMode":{"drawMode":0,"name":"Shaded","section":"Shading Mode"},"sceneLighting":false,"audioPlay":false,"sceneViewState":{"m_AlwaysRefresh":false,"showFog":true,"showSkybox":false,"showFlares":true,"showImageEffects":true,"showParticleSystems":true,"showVisualEffectGraphs":true,"m_FxEnabled":true},"in2DMode":false,"pivot":{"x":-0.011108886450529099,"y":0.010353373363614083,"z":0.000382634432753548},"rotation":{"x":-0.29383406043052676,"y":-0.3154335618019104,"z":0.10356282442808151,"w":-0.8963969945907593},"size":0.036933138966560367,"orthographic":false}